{"markets":[{"description":"Wednesdays June 4th through October 8; 3:30pm - 7:00 pm","start":1404333000000,"startFormatted":"03:30 PM","endFormatted":"07:00 PM","end":1404345600000,"url":"http:\/\/cityofevanston.org\/evanston-life\/farmers-market\/","location":{"name":"Ridge Avenue and South Blvd, Evanston, IL","lat":42.02776,"lng":-87.685547},"name":"Ridgeville Market"},{"description":"Wednesdays June 4th through October 29th; 7am - 1pm","start":1404302400000,"startFormatted":"07:00 AM","endFormatted":"01:00 PM","end":1404324000000,"url":"http:\/\/yorkandvallette.com\/yava\/FarmersMarket.aspx","location":{"name":"York and Vallette, Elmhurst, IL","lat":41.883572,"lng":-87.94001},"name":"Elmhurst Farmers Market"},{"description":"June 18th through October 8th; 7am - 1pm","start":1404302400000,"startFormatted":"07:00 AM","endFormatted":"01:00 PM","end":1404324000000,"url":"http:\/\/www.northbrookfarmersmarket.org\/","location":{"name":"Cherry and Meadow, Northbrook, IL","lat":42.131358999999996,"lng":-87.828659},"name":"Northbrook Farmers Market"},{"description":"June 25 – October 29; 2pm-7pm","start":1404327600000,"startFormatted":"02:00 PM","endFormatted":"07:00 PM","end":1404345600000,"location":{"name":"1333 N Laramie Ave, Chicago, IL","lat":41.905314,"lng":-87.755263},"name":"LaFolette Park"}]}